URL,Modified date,Facebook,Google,Linkedin,Pinterest
http://markcurtis.info/#main,"Sun, 23 Jul 2017 17:06:35 GMT",n/a,0,3,0
http://markcurtis.info/,"Sun, 23 Jul 2017 17:06:35 GMT",n/a,1,3,0
http://markcurtis.info/,"Sun, 23 Jul 2017 17:06:35 GMT",n/a,1,3,0
http://markcurtis.info/articles/,n/a,n/a,0,0,0
http://markcurtis.info/books/,n/a,n/a,0,0,0
http://markcurtis.info/uk-declassified-documents/,n/a,n/a,0,0,0
http://markcurtis.info/media/,n/a,n/a,0,0,0
http://markcurtis.info/about/,n/a,n/a,0,0,0
http://markcurtis.info/2017/06/21/corbyns-labour-party-should-promote-more-moderation-less-extremism-in-uk-foreign-policy/,n/a,n/a,0,0,0
http://markcurtis.info/2017/06/21/corbyns-labour-party-should-promote-more-moderation-less-extremism-in-uk-foreign-policy/,n/a,n/a,0,0,0
http://markcurtis.info/2017/06/07/update-a-london-attackers-links-to-uk-covert-operations-in-syria-and-libya/,n/a,n/a,24,5,0
http://markcurtis.info/2017/06/07/update-a-london-attackers-links-to-uk-covert-operations-in-syria-and-libya/,n/a,n/a,24,5,0
http://markcurtis.info/2017/06/07/a-london-attacker-and-uk-covert-operations-in-syria-and-libya/,n/a,n/a,4,1,0
http://markcurtis.info/2017/06/07/a-london-attacker-and-uk-covert-operations-in-syria-and-libya/,n/a,n/a,4,1,0
http://markcurtis.info/2017/06/03/the-manchester-bombing-as-blowback-the-latest-evidence/,"Sun, 23 Jul 2017 16:39:37 GMT",n/a,8,4,0
http://markcurtis.info/2017/06/03/the-manchester-bombing-as-blowback-the-latest-evidence/,"Sun, 23 Jul 2017 16:39:37 GMT",n/a,8,4,0
http://markcurtis.info/2017/05/24/the-british-establishment-is-putting-our-lives-at-risk-our-states-key-ally-is-a-major-public-threat/,n/a,n/a,9,10,1
http://markcurtis.info/2017/05/24/the-british-establishment-is-putting-our-lives-at-risk-our-states-key-ally-is-a-major-public-threat/,n/a,n/a,9,10,1
http://markcurtis.info/2017/05/18/1592/,"Sun, 23 Jul 2017 16:42:32 GMT",n/a,0,0,0
http://markcurtis.info/2017/05/18/1592/,"Sun, 23 Jul 2017 16:42:32 GMT",n/a,0,0,0
http://markcurtis.info/2017/05/12/five-moderate-foreign-policies-in-labours-manifesto-that-are-unacceptable-to-the-extremist-british-elite/,n/a,n/a,0,0,0
http://markcurtis.info/2017/05/12/five-moderate-foreign-policies-in-labours-manifesto-that-are-unacceptable-to-the-extremist-british-elite/,n/a,n/a,0,0,0
http://markcurtis.info/2017/05/01/41-uk-foreign-policies-to-forget-about-in-the-uk-election/,n/a,n/a,1,1,0
http://markcurtis.info/2017/05/01/41-uk-foreign-policies-to-forget-about-in-the-uk-election/,n/a,n/a,1,1,0
http://markcurtis.info/2017/05/01/the-medias-propaganda-role/,n/a,n/a,0,0,0
http://markcurtis.info/2017/05/01/the-medias-propaganda-role/,n/a,n/a,0,0,0
http://markcurtis.info/2017/04/27/a-dangerous-new-era-in-british-foreign-policy-talk-at-stop-the-war-annual-conference/,n/a,n/a,0,0,0
http://markcurtis.info/2017/04/27/a-dangerous-new-era-in-british-foreign-policy-talk-at-stop-the-war-annual-conference/,n/a,n/a,0,0,0
http://markcurtis.info/articles/,n/a,n/a,0,0,0
https://twitter.com/markcurtis30,"Sun, 23 Jul 2017 17:07:38 GMT",n/a,2,0,0
http://www.word-power.co.uk/books/secret-affairs-I9781846687648/,n/a,n/a,0,0,0
http://www.word-power.co.uk/books/unpeople-I9780099469728/,n/a,n/a,0,0,0
http://www.word-power.co.uk/books/web-of-deceit-I9780099448396/,n/a,n/a,0,0,0
http://markcurtis.info/2007/02/01/trade-for-life-making-trade-work-for-poor-people/,n/a,n/a,0,0,0
http://www.word-power.co.uk/books/the-great-deception-I9780745312347/,n/a,n/a,0,0,0
http://www.word-power.co.uk/books/the-ambiguities-of-power-I9781856493475/,n/a,n/a,0,0,0
http://borderleft.com/,"Sun, 02 Jul 2017 21:12:42 GMT",n/a,1,0,0
http://app.rawgraphs.io/#,"Thu, 11 May 2017 13:33:34 GMT",n/a,5,1,6
http://rawgraphs.io/,n/a,n/a,39,126,24
https://github.com/densitydesign/raw/wiki/FAQs,n/a,n/a,0,0,0
http://rawgraphs.io/learning/,n/a,n/a,0,0,0
https://github.com/densitydesign/raw/wiki/Developer-Guide,n/a,n/a,0,0,0
https://github.com/densitydesign/raw,n/a,n/a,5,10,2
http://www.densitydesign.org,n/a,n/a,68,25,0
http://calib.ro,"Thu, 25 May 2017 06:53:40 GMT",n/a,0,31,0
https://www.giorgiocaviglia.com,n/a,n/a,0,0,0
http://www.densitydesign.org/person/michele-mauri/,n/a,n/a,0,0,0
http://calib.ro,"Thu, 25 May 2017 06:53:40 GMT",n/a,0,31,0
http://calib.ro,"Thu, 25 May 2017 06:53:40 GMT",n/a,0,31,0
https://raw.github.com/densitydesign/raw/master/LICENSE,n/a,n/a,0,0,0
http://app.rawgraphs.io/mailto:hello@rawgraphs.io,n/a,n/a,0,0,0
http://twitter.com/rawgraphs,n/a,n/a,0,0,0
http://github.com/densitydesign/raw,n/a,n/a,5,10,0
https://groups.google.com/forum/?hl=en#!forum/densitydesign-raw,n/a,n/a,0,71,0
